,normalized_x,normalized_y
AAATGGCATGTCTTGT-1,643.3116018,5384.146202
AACAACTGGTAGTTGC-1,4194.652169,1711.135524
AACAGGAAATCGAATA-1,1115.44414,5107.557302
AACCCAGAGACGGAGA-1,1077.97256,1281.315822
AACCGTTGTGTTTGCT-1,409.7486983,4689.10213
AACGATAGAAGGGCCG-1,1108.032399,3222.058089
AACGTCAGACTAGTGG-1,3266.377669,1390.34368
AACTCAAGTTAATTGC-1,6575.780931,1935.215799
AACTGATATTAGGCCT-1,1338.748624,4980.542558
AAGGAGCGGTTGGTGC-1,4201.564085,2495.524496
AAGGCGCGTAAAGCTT-1,3266.881021,1101.226323
AAGGCTGTGCTCATCG-1,4677.042083,2213.824221
AAGTAGAAGACCGGGT-1,2051.066082,2375.538613
AATCCAAGGGCCTGAG-1,619.1475074,2380.27342
AATGACTGTCAGCCGG-1,3027.412036,2369.795919
AATGGTTCTCACAAGC-1,2054.129055,705.989204
ACAAGGACAAGAGGTT-1,4402.321552,955.8265979
ACAATCCATTTAAACC-1,6079.919728,269.4230983
ACACACTTTCTACACG-1,874.3885054,4713.484782
ACACCCAGCATGCAGC-1,3253.689813,2791.394589
ACACCCGAGAAATCCG-1,2061.925367,1237.560556
ACACCTTAAGTAGGGC-1,3505.045513,1838.893391
ACCAAGAACGCGTGTC-1,1579.040094,2637.966641
ACCCATCTTGAGGGTA-1,6359.999403,969.1357345
ACCCTTCATCTGCGAA-1,633.1529761,4832.825222
ACGATGCATATGTTAT-1,6356.665515,1778.050751
ACGTGCGCCTCGTGCA-1,1583.177372,4583.198092
ACGTTAGATTTGCCCG-1,6836.208506,1249.649511
ACGTTTAGTTGTGATC-1,854.1866082,5260.584325
ACTACCAGCTCTCTGG-1,3476.29878,1541.81784
ACTGTAGCACTTTGGA-1,3962.425543,1266.613346
ACTTGGGACCCGGTGG-1,4426.93458,2623.642041
AGACTAGCCTTCCAGA-1,4163.791702,2218.946876
AGAGCGGGCTAATCAT-1,1355.157097,4684.376349
AGATAACTTCAGGGCC-1,5163.445458,1937.196795
AGATACCGGTGTTCAC-1,7092.096129,1109.307731
AGATGACTCGCCCACG-1,2531.418689,3453.886662
AGCACTTAAGGACGCC-1,4908.68167,698.7288479
AGCATCGTCGATAATT-1,2777.794767,3045.613129
AGCCCTAAGCGAAGTT-1,1105.691245,4852.745927
AGCGACATCCCATTCA-1,1611.775023,4010.928795
AGGACATCGCACGTCG-1,,
AGGCCACCCGTTATGA-1,4207.381979,1116.342406
AGGCCCATTGTACAGG-1,1083.316047,3434.112348
AGGGCGTGATCGGCTA-1,1592.135768,2099.996003
AGGTAACCTCCTATTC-1,588.6132512,1525.906172
AGGTACGATATTGCCA-1,394.8984269,6370.920342
AGTAATGTCTTGCCGC-1,1350.957905,4151.720591
AGTAGGTAACATACAT-1,642.8552309,2905.168585
AGTATAATACTAGGCA-1,3481.613516,411.3612565
AGTCGGCCCAAACGAC-1,3480.228934,1280.470594
AGTTAAACACTTGCGA-1,7066.442966,1948.42661
AGTTTCGCAGGTCGGA-1,402.9273235,4430.509334
ATAGACGAAGAGAAAG-1,5395.060148,2053.092375
ATAGAGTACTGGGACA-1,3767.679834,2507.818893
ATCCAACGCAGTCATA-1,3480.244471,984.8388139
ATCTGTAATTGTACCC-1,1118.493655,3720.423567
ATCTTGACCTGCAACG-1,3734.785273,1913.147983
ATGAAGCCAAGGAGCC-1,2794.147572,2239.845261
ATGACGCCGGCTCTAA-1,1361.007424,3874.961702
ATGAGGAGTGTTAATC-1,3474.843428,723.2569263
ATGATCGGGAATAGAC-1,1367.436776,3313.837165
ATGCACTACCGCATTG-1,3973.701779,2062.634248
ATTAATTCGGTCACTC-1,885.3462853,4987.658886
ATTACTAGCCTCTTGC-1,1814.551934,1965.720318
ATTAGATTGATAGCGG-1,2089.351248,2651.783343
ATTATGCCATAGGGAG-1,2533.721323,3178.494006
ATTCCTCCGCCAGTGC-1,3021.591189,1249.107306
ATTGCTGCTCCTCCAT-1,5877.790717,1798.853284
ATTGGGAATATCTTGG-1,399.9623641,3075.069342
ATTTAACTCGTATTAC-1,864.4409972,3080.247997
ATTTACAGTTTACTGG-1,4715.720986,1128.42153
CAAACGGTCGCACTTT-1,4681.150047,1378.309487
CAAATTGTCAGCAAGC-1,642.1297945,5123.292254
CAACGACCCGTTTACA-1,2321.757777,2806.771412
CAACGGTTCTTGATAC-1,1819.142506,1123.399622
CAACTCCTTGATCCCG-1,1830.428568,2241.918172
CAAGCAACGTCGGAGT-1,5169.104041,1094.284046
CACCCACACGTCACCC-1,1567.534794,1815.557044
CACGCAGCGAGGCTTT-1,4916.455717,1813.601761
CACTGTCCAAGTGAGA-1,2044.242944,1821.059095
CAGATACTAACATAGT-1,3725.155046,2198.845275
CAGCTCGTGCTTGTGT-1,854.760929,1681.872704
CAGGCCGTTTGGGTGT-1,6828.976892,1826.985159
CAGTGTCCGCAGAATG-1,1118.267315,991.6016431
CATAGTAGCATAGTAG-1,2067.537589,2092.603195
CATCGCCCGCGGCCAA-1,866.5524122,1944.982213
CATGCGTTAGACAGAA-1,1105.475656,4554.17014
CATGCTGGCTCCAATT-1,410.394598,4157.265736
CATGGCAGGAAGATCG-1,1584.222311,3737.568723
CCAAACAGAACCCTCG-1,2776.816689,2511.065769
CCAACGATGCACTGAT-1,4921.569143,983.0128904
CCAAGGAACAGAGAGG-1,864.1226755,2527.635307
CCAATAGTGCCGTCGA-1,5643.132011,1656.718279
CCAATTGAATGTTAAT-1,2290.201173,2228.875418
CCATAGGTTGGCGTGG-1,1834.997224,4415.765236
CCATCCATACCAAGTC-1,850.7854253,1143.394419
CCATGCTCTGCAGGAA-1,2542.658515,1807.877693
CCATTAGCGATAATCC-1,5161.894398,1668.312427
CCATTCCCTGCCCACA-1,5393.879787,1264.442408
CCCAATTTCACAACTT-1,6836.600699,434.3828376
CCCGCCATGCTCCCGT-1,2078.048296,1531.746403
CCCGTCAGCGTCTGAC-1,3021.503604,2915.32483
CCCTCATTCTGGAATT-1,1356.173189,1970.955334
CCCTGAAATGAGTTGA-1,4960.51251,1225.952069
CCGCCGGTCAACACAC-1,644.9046676,3465.472796
CCGGAATGGTTTCAGT-1,3243.982025,303.6978424
CCGGCGCATATTGGAT-1,872.677621,3628.382268
CCGGGACCCGCAGAGA-1,1350.334521,3051.109639
CCGGGTTCGAGGTTAC-1,6608.189022,293.6826279
CCGTGCCCATGACGGC-1,365.3426701,2533.396914
CCTACTGCTTACACTT-1,3976.968323,2638.202227
CCTAGTTAGTCGCATG-1,408.6046948,5813.678493
CCTCACCAATCTTGAC-1,1575.58785,734.9801384
CCTCCGACAATTCAAG-1,5392.174568,416.5043167
CCTCTCTCCCATCTAG-1,5648.615479,863.379311
CCTGCTATTTGAGAAG-1,3738.581107,2774.356131
CCTGGCTAGACCCGCC-1,4458.886711,1797.077429
CCTGTAAGACATGATA-1,6315.89695,1527.242631
CGAACGCCCAGTGCCG-1,873.2682505,5515.144837
CGAAGTTGCTCTGTGT-1,5382.904706,692.4446227
CGACAGTTCGCGTTAT-1,6096.297291,1642.701711
CGAGCGTTGATCAGCC-1,371.6388322,2234.065185
CGCAAACACGAGTTAC-1,3961.247418,984.362719
CGCAATTACTTTCGGT-1,2999.96859,462.8578497
CGCAATTAGGGTAATA-1,4210.266596,1943.003586
CGCTCGACATAATGAT-1,2525.170538,2073.346848
CGCTCTCCGTAGATTA-1,5419.708637,959.5212619
CGCTGTGACGCCGCAC-1,3513.956904,2354.795473
CGCTTCCACTGAAATC-1,1795.94872,1690.670241
CGCTTTCATACCGGTG-1,892.6002697,2776.765175
CGGAGTTTGAGAGACA-1,4657.201806,579.0719597
CGTAGCGAATTGTCAG-1,627.5927244,5680.356005
CGTCTGGAAGGGCCCG-1,1333.957179,4413.961115
CGTGTCCCATTCGCGA-1,4207.008547,1416.76434
CGTTGTTTCAATTCCC-1,5646.532932,1401.519168
CGTTTAAGCGGAGCAC-1,650.426014,4012.078629
CTAAAGAATGCCTACT-1,6088.961206,827.8680529
CTAACCGCGCGCCCGT-1,6336.009908,692.4490806
CTAATTCGCACGCGCT-1,4181.561556,610.3065878
CTACGCCATTTCCGAT-1,397.4813861,6915.104397
CTAGTGAAGGACAGGA-1,5657.654355,1114.934757
CTCATGGCTCACAATC-1,649.2035846,4600.781327
CTCCGGCCTAATATGC-1,2061.802606,4024.207378
CTCGGTCCGTAGCCTG-1,1820.493794,2779.759787
CTCTGCGAAGCAAGCA-1,396.2432467,2817.941925
CTCTGTTTGAGGATTC-1,864.9029697,5820.342269
CTGCACCTGGAACCGC-1,1101.410842,2635.428591
CTGTATGGTGTAGAAA-1,2280.464242,302.6358719
CTGTTCACTGCCTGTG-1,2770.5803,3580.55537
CTGTTCATCTCACGGG-1,2791.436255,563.2470298
CTTACACGGTATTCCA-1,4941.797877,2093.785104
CTTACACTGGGAAATA-1,1331.034829,2500.610216
CTTCATAGCTCAAGAA-1,2043.226162,984.7117448
CTTCTTACGTCGTATA-1,872.5398867,4176.620513
CTTGTACTTGTTGACT-1,2526.413208,2909.41021
CTTTGGCTTTAGTAAA-1,5162.589054,1367.232531
GAAACAGCCATGCAGT-1,638.1743649,4280.714389
GAAACTCTAATGAAGG-1,629.0330272,5957.157844
GAAATTCACATCGCTG-1,625.469472,2633.292064
GAACACACATCAACCA-1,2777.88656,2776.140318
GAAGAACGGTGCAGGT-1,887.4608036,1390.306302
GAAGCTTGCTGACCGC-1,4481.056126,697.9314788
GAAGTGCTGGATAGCT-1,1115.153155,4309.740297
GAATCGACATGGTCAC-1,3737.154622,1692.622056
GACAACGCAGCTTACG-1,2302.650961,3304.798396
GACCAGAGCCCTGTAG-1,4960.197632,2331.314002
GACGCTTGCTTCTAAA-1,6569.349294,820.6685655
GACTAAGATCATGCAC-1,3055.333137,3192.046551
GACTAAGTAGGCTCAC-1,3967.225924,1806.100608
GAGAGGGCGCGAGGTT-1,6594.011008,1388.385412
GAGATCTGCTTGGCAT-1,5623.730073,1944.09608
GAGCGAGGGAGTACCG-1,874.7182046,3873.055094
GAGGTACATCCATCTT-1,385.304911,5265.174897
GAGTACGGGTATACAA-1,1100.517729,1833.055249
GATAAATCGGTGGATG-1,1111.408982,1543.858956
GATATCTCATGCAATA-1,396.1774054,3885.462684
GATCGACACTATCTGA-1,3969.620858,2357.216455
GATCTTTGCAGGGTAT-1,6101.910468,1111.892391
GATGCTACAAGCGCCT-1,1583.011763,2925.483807
GCAAATATTACGCTTT-1,5872.969288,1543.298045
GCAAGTGCACAGAGAA-1,3259.142177,1672.412656
GCACTAGTCGCGCTAT-1,677.8075273,1842.949527
GCAGCACACAGCCCAG-1,6607.90099,1628.751601
GCAGGACTATAGAATA-1,5897.086491,1008.336689
GCATCCCTAACTTTGA-1,1338.639749,1694.792266
GCCCAGTTGGTATGCC-1,2770.168206,1146.195431
GCCCGCGCGTTTGACA-1,2312.136993,1411.175056
GCCGAAATTCCTACGT-1,5898.448469,2091.780427
GCCGCTTGTGAGAAAC-1,6116.67571,1406.630707
GCCTAGCGATCTGACC-1,2301.366621,1698.290118
GCCTTCAGCCCTACCG-1,1339.672157,2763.094238
GCGGCTCTGACGTACC-1,6564.604159,1098.605093
GCGGGAACCAGGCCCT-1,1816.471046,2521.021491
GCGGTCCCTAGACGCA-1,626.3638146,2064.515653
GCGTCTCTGCATTGGG-1,6853.069677,1492.556088
GCTAATACCGAATGCC-1,2553.479078,2358.190882
GCTAGTTTCATTGAGG-1,,
GCTCTATGTTACGTGC-1,3730.588327,1409.214164
GCTTGATGATAATCAG-1,2763.572274,827.0267875
GGAGAAGTCATTGGCA-1,3011.438761,1530.240649
GGAGTGCCGCCCTGGA-1,2095.488627,3196.519235
GGATTCAGTACGGTGG-1,2016.168187,476.4587598
GGCACTCCACTGGGCA-1,5658.606718,2227.10323
GGCATACAGGTAGCGG-1,5615.859131,283.5715346
GGCGGAGTAATATTAG-1,5185.031904,2232.62955
GGCGTCCTATCCGCTG-1,4949.802337,414.0968078
GGCTATTAAGTTGTAT-1,5397.762559,1538.551036
GGCTCGTGCCACCAGC-1,2296.295134,1115.818197
GGGAACGGGAGGTTAG-1,6831.373003,961.4907415
GGGTACTTCATGAACT-1,6349.343435,1230.870317
GGTAACTATGTATCTG-1,406.0636031,1991.194898
GGTGAGATGCAGATAA-1,1317.712392,866.2749741
GGTGCGGATAAGTGGC-1,1319.708084,2227.454418
GGTTAGGCTTGGAGAA-1,4208.332928,838.1814875
GGTTTGAGTGCTGGAA-1,408.2173427,1687.927993
GTAAGTAGGGTATACC-1,3733.507057,860.796378
GTACGAGATTGCGACA-1,2547.541036,3736.849778
GTATAGGACTCAGTAG-1,2297.829342,3870.608417
GTATCAGCTTGGGTTC-1,,
GTCAGAATAGTCTATG-1,4642.157951,272.9753794
GTCGGATATCTCAGAC-1,5191.17468,874.4560032
GTCTATCTGAGTTTCT-1,7103.581572,1655.26944
GTCTTAGTACAGCCGG-1,408.7763181,6657.783681
GTGCAACAAATGTGGC-1,888.3648268,4457.595732
GTGCGGGTCTCCAAAT-1,2333.221884,3615.820103
GTGGACGTGCTGAGAC-1,1552.348161,1272.954527
GTGGGCTTAGACACAC-1,4447.20206,1243.360274
GTTACAATTGGTGACG-1,,
GTTCACAGGAGTCTAG-1,5159.534045,599.8553129
GTTCCAGTCTGACCAT-1,1599.334192,3190.917796
GTTCTTCCCTCGATGT-1,1093.172544,2914.023087
GTTGCACGGAGTTTCG-1,3253.342222,2498.181688
GTTGTCGTGTTAGTTG-1,1084.709796,2373.97938
GTTTCCTGGAGGGTGA-1,3512.087885,2621.457005
TAACAAAGGGAGAAGC-1,2552.645281,710.2966834
TAACTATCGAAGGTCC-1,3267.53668,575.2908167
TAAGGAACTTGTGGGA-1,1339.738446,1432.247133
TAATATTGAAATTCGC-1,1592.979052,2363.541721
TACCTCACGCTTGTAC-1,1367.084212,3624.879994
TACGAGAACTTCACGT-1,5878.610485,1245.116009
TACGATGTTGATCATC-1,5898.755626,708.2751176
TACGTGCACTATGCTG-1,2558.23306,461.823411
TACGTTTACCGGCAAT-1,7059.974294,292.6952596
TAGAGCTACGAAGAAC-1,656.7710821,3204.795005
TAGGGTGTTTCAAGAG-1,2798.843358,3324.727122
TAGGTGAGCCCTACTC-1,4425.332398,455.6059778
TAGTCTAACAACGAGA-1,7060.3931,562.3849013
TAGTTTATTCTTGCTT-1,622.0395496,3736.315805
TATAAATCCACAAGCT-1,2310.899561,1957.54316
TATAAGTGAGGATAGC-1,2540.505462,1259.069787
TATACACGCAAAGTAT-1,1777.487583,901.8932766
TATCCATATCATGCGA-1,1826.821165,3049.370038
TATCCTGCATGGGAAT-1,872.7612388,3332.636051
TATCGATGATTAAACG-1,3027.043469,2642.35574
TATTTAGTCTAGATCG-1,1825.904359,3875.523299
TATTTGTTACCCTTTA-1,3234.793525,2218.342115
TCAACCATGTTCGGGC-1,3489.463312,2927.059789
TCACGGTCATCGCACA-1,3018.275814,2079.402978
TCAGGTTCTTTGAGAA-1,4694.927905,1687.463505
TCAGTACTGACCCGCG-1,3715.962274,562.6768657
TCATCCCAGAGGGTGG-1,395.0964186,5524.606535
TCCAACTTTAAATTCT-1,7050.48528,1383.196763
TCCACAATGGTTTACG-1,4652.787934,827.8260167
TCCCAGGCTTAGCTAA-1,4698.001181,2489.221024
TCCCGGGTGTGCTGCT-1,5651.640283,565.8156589
TCCGATTACATTGCCG-1,5167.759608,302.3788177
TCCTCTACGAGATGGC-1,3739.846789,316.7835412
TCCTTCAGTGGTCGAA-1,1136.137216,5386.48811
TCGAAATTTAGGACCA-1,4420.620903,2092.167204
TCGCTGTGCGTAAATC-1,1580.5302,1559.063204
TCGTATAGTGCAATTA-1,397.4838495,3608.606798
TCGTCCGCTGGCGTCT-1,2799.486481,1405.941814
TCTAGCATCTTCGATG-1,3018.04574,1820.479533
TCTATCATGCAGTTAC-1,1809.816659,1415.583775
TCTCTAATAGCTGGTA-1,2314.436434,3081.405631
TCTGAACCGGTCGGCT-1,2528.576341,1001.480423
TCTGGGTAGCGCTCAT-1,7055.59983,811.409238
TCTTACAGAGGTACCG-1,1104.193773,2076.704565
TGACCCACGTTAGACA-1,5451.42079,2369.272565
TGAGAATGCTTTACCG-1,1820.351886,3342.048149
TGATTCGTCTATCACT-1,4906.009797,1508.938511
TGATTTATTAGCTGTG-1,6573.998788,552.0577749
TGCGCGATTAACGGAG-1,3971.423687,1526.191378
TGCGGCATAGTTCAAC-1,419.6504353,3313.71332
TGCGGTGAAATTTCAT-1,420.2829472,4968.452847
TGCTGGTTGGACAATT-1,2532.054486,1532.680229
TGGAAGAAGGGAACGT-1,6838.680334,731.7146477
TGGAAGACGAACACCA-1,870.2068253,2223.711256
TGGAGTGATGCGATGA-1,4480.146843,1524.698963
TGGCCGTATATTGACC-1,3739.329549,1141.119052
TGGCTTTGGGTAGACA-1,2049.756032,2899.996884
TGGTTCGTAGCAAAGG-1,3049.553835,3458.22581
TGTAGTGATCTATAAT-1,5918.013704,439.4183452
TGTGTCGCGAGTTGCA-1,3239.677286,835.8683446
TGTTCCGCTTCCATGA-1,6129.306644,1935.398326
TGTTCTTCCATTGACT-1,5427.106428,1791.328309
TGTTTCGGTACTTCTC-1,1826.583691,3600.643709
TTAACCAACCCTCCCT-1,2037.496779,3458.628067
TTAAGCCGACAACTTC-1,636.4624742,6460.694771
TTAAGCGCCTGACCCA-1,4707.013763,1910.866726
TTACAACTACGCATCC-1,3254.674836,3066.888167
TTACATCGTGGCCTGG-1,2288.873628,872.6434094
TTATGACAAACTGGAT-1,3959.693063,682.2234015
TTATTAGGGAAGCATC-1,1098.775115,4025.671493
TTCAACGACCCGACCG-1,2289.299109,2506.614942
TTCAAGCCGAGCTGAG-1,644.3129537,6215.50878
TTCCTCGAGGGTGTCT-1,2556.435745,2652.906308
TTCGACGGGAAGGGCG-1,3259.461178,1942.021166
TTCGCACTCGCGTGCT-1,3457.410276,2091.290357
TTCTACTTGCGAGGGC-1,2778.322339,331.6767443
TTCTAGGCCAATTGTG-1,2751.906519,1936.551508
TTCTTAGTGAACGGTG-1,1821.092163,594.7526274
TTCTTAGTGGCTCAGA-1,1594.128365,4305.747034
TTCTTGTAACCTAATG-1,3024.833069,730.57188
TTGATCTAACTTTGTC-1,4454.28533,2360.780234
TTGATTATGCAGATGA-1,3968.918131,445.0935897
TTGCCCTGATCACGGG-1,6127.805241,555.3267579
TTGCTGAAGGAACCAC-1,2057.996508,3739.685898
TTGGATTGGGTACCAC-1,1603.296435,3481.823267
TTGGCTCGCATGAGAC-1,3035.505868,980.8532762
TTGTATCACACAGAAT-1,384.7354858,6062.747078
TTGTGGCCCTGACAGT-1,1826.757012,4160.526836
TTGTTAGCAAATTCGA-1,2792.154138,1685.601613
